{"cameraMode":{"drawMode":0,"name":"Shaded","section":"Shading Mode"},"sceneLighting":true,"audioPlay":false,"sceneViewState":{"showFog":true,"showMaterialUpdate":true,"showSkybox":true,"showFlares":true,"showImageEffects":true,"showParticleSystems":true},"in2DMode":false,"pivot":{"x":-0.029122352600097657,"y":1.243250846862793,"z":7.135983467102051},"rotation":{"x":-0.16314581036567689,"y":0.18324486911296845,"z":-0.03085404634475708,"w":-0.9689441919326782},"size":16.325716018676759,"orthographic":false}