{"cameraMode":{"drawMode":0,"name":"Shaded","section":"Shading Mode"},"sceneLighting":false,"audioPlay":false,"sceneViewState":{"showFog":true,"showMaterialUpdate":false,"showSkybox":true,"showFlares":true,"showImageEffects":true,"showParticleSystems":true},"in2DMode":false,"pivot":{"x":-277.2702331542969,"y":1993.775390625,"z":451.8840026855469},"rotation":{"x":-0.22732524573802949,"y":0.5367461442947388,"z":-0.1528835892677307,"w":-0.7980309724807739},"size":7507.6630859375,"orthographic":true}