{"cameraMode":{"drawMode":0,"name":"Shaded","section":"Shading Mode"},"sceneLighting":false,"audioPlay":false,"sceneViewState":{"showFog":true,"showMaterialUpdate":false,"showSkybox":true,"showFlares":true,"showImageEffects":true,"showParticleSystems":true},"in2DMode":false,"pivot":{"x":-0.1900000274181366,"y":4.0583696365356449,"z":8.104966163635254},"rotation":{"x":-0.34328314661979678,"y":-0.2827325165271759,"z":0.10914004594087601,"w":-0.888992428779602},"size":4.677429676055908,"orthographic":true}