{"cameraMode":{"drawMode":0,"name":"Shaded","section":"Shading Mode"},"sceneLighting":true,"audioPlay":false,"sceneViewState":{"showFog":true,"showMaterialUpdate":false,"showSkybox":true,"showFlares":true,"showImageEffects":true,"showParticleSystems":true},"in2DMode":false,"pivot":{"x":166.785888671875,"y":30.59844970703125,"z":1612.34228515625},"rotation":{"x":-0.4213171601295471,"y":0.47987908124923708,"z":-0.2824912369251251,"w":-0.7158258557319641},"size":1715.61181640625,"orthographic":true}