{"cameraMode":{"drawMode":0,"name":"Shaded","section":"Shading Mode"},"sceneLighting":false,"audioPlay":false,"sceneViewState":{"showFog":true,"showMaterialUpdate":false,"showSkybox":true,"showFlares":true,"showImageEffects":true,"showParticleSystems":true},"in2DMode":false,"pivot":{"x":0.00962907075881958,"y":0.670498788356781,"z":1.1789120435714722},"rotation":{"x":-0.18034474551677705,"y":-0.29152676463127139,"z":0.05606559291481972,"w":-0.9377337694168091},"size":1.1952086687088013,"orthographic":true}