{"cameraMode":{"drawMode":0,"name":"Shaded","section":"Shading Mode"},"sceneLighting":false,"audioPlay":false,"sceneViewState":{"showFog":true,"showMaterialUpdate":false,"showSkybox":true,"showFlares":true,"showImageEffects":true,"showParticleSystems":true},"in2DMode":false,"pivot":{"x":-0.8400026559829712,"y":1.0182675123214722,"z":6.670002460479736},"rotation":{"x":-0.34328314661979678,"y":-0.2827325165271759,"z":0.10914004594087601,"w":-0.888992428779602},"size":6.70632266998291,"orthographic":true}