{"cameraMode":{"drawMode":0,"name":"Shaded","section":"Shading Mode"},"sceneLighting":false,"audioPlay":false,"sceneViewState":{"showFog":true,"showMaterialUpdate":false,"showSkybox":true,"showFlares":true,"showImageEffects":true,"showParticleSystems":true},"in2DMode":false,"pivot":{"x":-7.559999942779541,"y":5.46999979019165,"z":5.6349663734436039},"rotation":{"x":0.28173181414604189,"y":0.14466971158981324,"z":-0.04299211874604225,"w":0.9475492835044861},"size":24.969999313354493,"orthographic":true}