{"cameraMode":{"drawMode":0,"name":"Shaded","section":"Shading Mode"},"sceneLighting":false,"audioPlay":false,"sceneViewState":{"showFog":true,"showMaterialUpdate":false,"showSkybox":true,"showFlares":true,"showImageEffects":true,"showParticleSystems":true},"in2DMode":false,"pivot":{"x":-2.0011417865753176,"y":1.672769546508789,"z":9.205305099487305},"rotation":{"x":-0.06515701115131378,"y":-0.25833791494369509,"z":0.017426954582333566,"w":-0.9636973142623901},"size":4.235889911651611,"orthographic":true}