{"cameraMode":{"drawMode":0,"name":"Shaded","section":"Shading Mode"},"sceneLighting":false,"audioPlay":false,"sceneViewState":{"showFog":true,"showMaterialUpdate":false,"showSkybox":true,"showFlares":true,"showImageEffects":true,"showParticleSystems":true},"in2DMode":false,"pivot":{"x":7.961130142211914,"y":7.659588813781738,"z":410.8677673339844},"rotation":{"x":0.004879133775830269,"y":0.2177397757768631,"z":0.0010886740637943149,"w":-0.9759941101074219},"size":39.45183563232422,"orthographic":false}