{"cameraMode":{"drawMode":0,"name":"Shaded","section":"Shading Mode"},"sceneLighting":false,"audioPlay":false,"sceneViewState":{"showFog":true,"showMaterialUpdate":false,"showSkybox":true,"showFlares":true,"showImageEffects":true,"showParticleSystems":true},"in2DMode":false,"pivot":{"x":583.008544921875,"y":-507.7164611816406,"z":637.9949951171875},"rotation":{"x":-0.2729661166667938,"y":-0.41993486881256106,"z":0.13405412435531617,"w":-0.8550869822502136},"size":1503.004638671875,"orthographic":false}