{"cameraMode":{"drawMode":0,"name":"Shaded","section":"Shading Mode"},"sceneLighting":false,"audioPlay":false,"sceneViewState":{"showFog":true,"showMaterialUpdate":false,"showSkybox":true,"showFlares":true,"showImageEffects":true,"showParticleSystems":true},"in2DMode":false,"pivot":{"x":-24.88006591796875,"y":34.858299255371097,"z":118.61428833007813},"rotation":{"x":-0.016385789960622789,"y":-0.11771519482135773,"z":0.0019424357451498509,"w":-0.9929103851318359},"size":616.9613037109375,"orthographic":false}