{"cameraMode":{"drawMode":0,"name":"Shaded","section":"Shading Mode"},"sceneLighting":false,"audioPlay":false,"sceneViewState":{"showFog":true,"showMaterialUpdate":false,"showSkybox":true,"showFlares":true,"showImageEffects":true,"showParticleSystems":true},"in2DMode":false,"pivot":{"x":312.8101501464844,"y":-13.088614463806153,"z":942.5135498046875},"rotation":{"x":-0.21038423478603364,"y":0.14869436621665955,"z":-0.03239462897181511,"w":-0.9657013416290283},"size":260.84173583984377,"orthographic":false}