{"cameraMode":{"drawMode":0,"name":"Shaded","section":"Shading Mode"},"sceneLighting":false,"audioPlay":false,"sceneViewState":{"showFog":true,"showMaterialUpdate":false,"showSkybox":true,"showFlares":true,"showImageEffects":true,"showParticleSystems":true},"in2DMode":false,"pivot":{"x":33.361122131347659,"y":-11.566385269165039,"z":88.9169921875},"rotation":{"x":0.15085045993328095,"y":0.19546164572238923,"z":-0.030442023649811746,"w":0.9685619473457336},"size":101.21808624267578,"orthographic":false}