{"cameraMode":{"drawMode":0,"name":"Shaded","section":"Shading Mode"},"sceneLighting":false,"audioPlay":false,"sceneViewState":{"showFog":true,"showMaterialUpdate":false,"showSkybox":true,"showFlares":true,"showImageEffects":true,"showParticleSystems":true},"in2DMode":false,"pivot":{"x":-0.5643157958984375,"y":-0.31276702880859377,"z":144.97085571289063},"rotation":{"x":-0.19370894134044648,"y":-0.024036748334765435,"z":0.004747604485601187,"w":-0.9807530641555786},"size":813.44580078125,"orthographic":false}