{"cameraMode":{"drawMode":0,"name":"Shaded","section":"Shading Mode"},"sceneLighting":false,"audioPlay":false,"sceneViewState":{"showFog":true,"showMaterialUpdate":false,"showSkybox":true,"showFlares":true,"showImageEffects":true,"showParticleSystems":true},"in2DMode":false,"pivot":{"x":310.8734130859375,"y":-14.22574234008789,"z":938.6757202148438},"rotation":{"x":-0.21038423478603364,"y":0.14869436621665955,"z":-0.03239462897181511,"w":-0.9657013416290283},"size":173.89439392089845,"orthographic":false}