{"cameraMode":{"drawMode":0,"name":"Shaded","section":"Shading Mode"},"sceneLighting":false,"audioPlay":false,"sceneViewState":{"showFog":true,"showMaterialUpdate":false,"showSkybox":true,"showFlares":true,"showImageEffects":true,"showParticleSystems":true},"in2DMode":false,"pivot":{"x":-1.0006561279296876,"y":-0.5545883178710938,"z":257.0602111816406},"rotation":{"x":-0.04455217346549034,"y":-0.1384171098470688,"z":0.006232976447790861,"w":-0.9893518090248108},"size":1442.390380859375,"orthographic":false}